<?xml version="1.0" encoding="UTF-8"?>
<payment-processors xmlns="http://www.demandware.com/xml/impex/paymentprocessor/2007-03-31">

    <payment-processor processor-id="MOLLIE_ECOM_CREDIT">
        <preferences>
            <all-instances />
            <development />
            <staging />
            <production />
        </preferences>
    </payment-processor>

    <payment-processor processor-id="MOLLIE_ECOM_DEFAULT">
        <preferences>
            <all-instances />
            <development />
            <staging />
            <production />
        </preferences>
    </payment-processor>

    <payment-processor processor-id="MOLLIE_ECOM_QR">
        <preferences>
            <all-instances />
            <development />
            <staging />
            <production />
        </preferences>
    </payment-processor>

    <payment-processor processor-id="MOLLIE_ECOM_APPLEPAY_DIRECT">
        <preferences>
            <all-instances />
            <development />
            <staging />
            <production />
        </preferences>
    </payment-processor>

</payment-processors>
